{"stats":{"minecraft:mined":{"minecraft:spruce_log":6,"minecraft:stone":10},"minecraft:crafted":{"minecraft:stone_sword":1,"minecraft:crafting_table":1,"minecraft:spruce_planks":24,"minecraft:stick":8,"minecraft:wooden_pickaxe":1,"minecraft:stone_pickaxe":2},"minecraft:dropped":{"minecraft:stone_pickaxe":1},"minecraft:used":{"minecraft:crafting_table":1,"minecraft:stone_pickaxe":6,"minecraft:wooden_pickaxe":4},"minecraft:picked_up":{"minecraft:rotten_flesh":2,"minecraft:stone_pickaxe":1,"minecraft:spruce_log":6,"minecraft:cobblestone":10},"minecraft:custom":{"minecraft:time_since_rest":3883,"minecraft:crouch_one_cm":1366,"minecraft:play_time":3883,"minecraft:sprint_one_cm":3250,"minecraft:damage_taken":20,"minecraft:walk_one_cm":8050,"minecraft:sneak_time":498,"minecraft:drop":1,"minecraft:jump":67,"minecraft:time_since_death":3883,"minecraft:total_world_time":3883,"minecraft:interact_with_crafting_table":6,"minecraft:fall_one_cm":2425,"minecraft:fly_one_cm":5910}},"DataVersion":3120}