{"stats":{"minecraft:mined":{"minecraft:spruce_leaves":14,"minecraft:spruce_log":6,"minecraft:stone":5,"minecraft:crafting_table":1},"minecraft:crafted":{"minecraft:stone_sword":1,"minecraft:stone_axe":1,"minecraft:crafting_table":1,"minecraft:spruce_planks":24,"minecraft:stick":8,"minecraft:stone_pickaxe":1,"minecraft:wooden_pickaxe":1},"minecraft:killed_by":{"mutationcraft:assimilated_human":1},"minecraft:used":{"minecraft:stone_axe":1,"minecraft:stone_sword":6,"minecraft:crafting_table":2,"minecraft:spruce_planks":3,"minecraft:wooden_pickaxe":8,"minecraft:spruce_sapling":1},"minecraft:picked_up":{"minecraft:crafting_table":1,"minecraft:spruce_sapling":1,"minecraft:spruce_log":6,"minecraft:dirt":13,"minecraft:cobblestone":14},"minecraft:custom":{"minecraft:time_since_rest":601,"minecraft:crouch_one_cm":1335,"minecraft:play_time":5296,"minecraft:sprint_one_cm":8020,"minecraft:deaths":1,"minecraft:damage_taken":440,"minecraft:walk_one_cm":6946,"minecraft:sneak_time":528,"minecraft:jump":90,"minecraft:damage_dealt":331,"minecraft:time_since_death":569,"minecraft:total_world_time":5296,"minecraft:interact_with_crafting_table":2,"minecraft:fall_one_cm":2903,"minecraft:fly_one_cm":9754}},"DataVersion":3120}