{
	"level_seeds": [
		{
			"dim": "lostcities:lostcity",
			"seed": 4614506600615126754
		},
		{
			"dim": "minecraft:the_end",
			"seed": 4614506600615126754
		},
		{
			"dim": "minecraft:the_nether",
			"seed": 4614506600615126754
		},
		{
			"dim": "minecraft:overworld",
			"seed": 4614506600615126754
		}
	],
	"structure_seeds": [
		{
			"dim": "lostcities:lostcity",
			"seed": 4614506600615126754
		},
		{
			"dim": "minecraft:the_end",
			"seed": 4614506600615126754
		},
		{
			"dim": "minecraft:the_nether",
			"seed": 4614506600615126754
		},
		{
			"dim": "minecraft:overworld",
			"seed": 4614506600615126754
		}
	]
}